tahun_anggaran,kd_klpd,nama_klpd,jenis_klpd,kd_satker,kd_program,kd_program_str,nama_program,pagu_program,kd_program_lokal,is_deleted,_event_date
2025,"D107","Kab. Bandung","KABUPATEN",152339,2526449,"2.07.02","PROGRAM PERENCANAAN TENAGA KERJA",103448800,0,false,"2025-10-10"
2025,"D107","Kab. Bandung","KABUPATEN",152339,2526451,"2.07.03","PROGRAM PELATIHAN KERJA DAN PRODUKTIVITAS TENAGA KERJA",27648937834,0,false,"2025-10-10"
2025,"D107","Kab. Bandung","KABUPATEN",152339,2526466,"2.07.04","PROGRAM PENEMPATAN TENAGA KERJA",6649859000,0,false,"2025-10-10"
2025,"D107","Kab. Bandung","KABUPATEN",152339,2526473,"2.07.05","PROGRAM HUBUNGAN INDUSTRIAL",1132752690,0,false,"2025-10-10"
2025,"D107","Kab. Bandung","KABUPATEN",152339,2526475,"2.07.01","PROGRAM PENUNJANG URUSAN PEMERINTAHAN DAERAH KABUPATEN/KOTA",3326809246,0,false,"2025-10-10"
2025,"D107","Kab. Bandung","KABUPATEN",152339,2526477,"3.32.03","PROGRAM PEMBANGUNAN KAWASAN TRANSMIGRASI",0,0,false,"2025-10-10"
2025,"D107","Kab. Bandung","KABUPATEN",314502,2528871,"5.01.02","PROGRAM PERENCANAAN, PENGENDALIAN DAN EVALUASI PEMBANGUNAN DAERAH",2715626600,0,false,"2025-10-10"
2025,"D107","Kab. Bandung","KABUPATEN",314502,2528872,"5.01.03","PROGRAM KOORDINASI DAN SINKRONISASI PERENCANAAN PEMBANGUNAN DAERAH",3455366700,0,false,"2025-10-10"
2025,"D107","Kab. Bandung","KABUPATEN",314502,2528873,"5.01.01","PROGRAM PENUNJANG URUSAN PEMERINTAHAN DAERAH KABUPATEN/KOTA",7902239743,0,false,"2025-10-10"
2025,"D107","Kab. Bandung","KABUPATEN",314502,2528874,"5.05.02","PROGRAM PENELITIAN DAN PENGEMBANGAN DAERAH",2386280200,0,false,"2025-10-10"
2025,"D107","Kab. Bandung","KABUPATEN",60457,2528971,"1.02.02","PROGRAM PEMENUHAN UPAYA KESEHATAN PERORANGAN DAN UPAYA KESEHATAN MASYARAKAT",22568701951,0,false,"2025-10-10"
2025,"D107","Kab. Bandung","KABUPATEN",60457,2528973,"1.02.01","PROGRAM PENUNJANG URUSAN PEMERINTAHAN DAERAH KABUPATEN/KOTA",137150000000,0,false,"2025-10-10"
2025,"D107","Kab. Bandung","KABUPATEN",60460,2529564,"7.01.01","PROGRAM PENUNJANG URUSAN PEMERINTAHAN DAERAH KABUPATEN/KOTA",539321850,0,false,"2025-10-10"
2025,"D107","Kab. Bandung","KABUPATEN",60460,2529566,"7.01.02","PROGRAM PENYELENGGARAAN PEMERINTAHAN DAN PELAYANAN PUBLIK",273365300,0,false,"2025-10-10"
2025,"D107","Kab. Bandung","KABUPATEN",60460,2529568,"7.01.03","PROGRAM PEMBERDAYAAN MASYARAKAT DESA DAN KELURAHAN",62915000,0,false,"2025-10-10"
2025,"D107","Kab. Bandung","KABUPATEN",60460,2529569,"7.01.04","PROGRAM KOORDINASI KETENTRAMAN DAN KETERTIBAN UMUM",76187000,0,false,"2025-10-10"
2025,"D107","Kab. Bandung","KABUPATEN",60460,2529574,"7.01.05","PROGRAM PENYELENGGARAAN URUSAN PEMERINTAHAN UMUM",95550000,0,false,"2025-10-10"
2025,"D107","Kab. Bandung","KABUPATEN",60460,2529575,"7.01.06","PROGRAM PEMBINAAN DAN PENGAWASAN PEMERINTAHAN DESA",49293000,0,false,"2025-10-10"
2025,"D107","Kab. Bandung","KABUPATEN",60456,2529853,"1.02.01","PROGRAM PENUNJANG URUSAN PEMERINTAHAN DAERAH KABUPATEN/KOTA",195000000000,0,false,"2025-10-10"
2025,"D107","Kab. Bandung","KABUPATEN",152302,2530682,"5.02.04","PROGRAM PENGELOLAAN PENDAPATAN DAERAH",31168062058,0,false,"2025-10-10"
2025,"D107","Kab. Bandung","KABUPATEN",152302,2530708,"5.02.01","PROGRAM PENUNJANG URUSAN PEMERINTAHAN DAERAH KABUPATEN/KOTA",21899236632,0,false,"2025-10-10"
2025,"D107","Kab. Bandung","KABUPATEN",152342,2531034,"1.03.08","PROGRAM PENATAAN BANGUNAN GEDUNG",122740948000,0,false,"2025-10-10"
2025,"D107","Kab. Bandung","KABUPATEN",152342,2531035,"1.03.09","PROGRAM PENATAAN BANGUNAN DAN LINGKUNGANNYA",900000000,0,false,"2025-10-10"
2025,"D107","Kab. Bandung","KABUPATEN",96025,2534714,"2.11.01","PENUNJANG URUSAN PEMERINTAHAN DAERAH KABUPATEN/KOTA",16651767800,0,false,"2025-10-10"
2025,"D107","Kab. Bandung","KABUPATEN",152342,2535801,"1.03.01","PROGRAM PENUNJANG URUSAN PEMERINTAHAN DAERAH KABUPATEN/KOTA",57677122197,0,false,"2025-10-10"
2025,"D107","Kab. Bandung","KABUPATEN",152342,2535802,"1.03.02","PROGRAM PENGELOLAAN SUMBER DAYA AIR (SDA)",46521267641,0,false,"2025-10-10"
2025,"D107","Kab. Bandung","KABUPATEN",152342,2535803,"1.03.03","PROGRAM PENGELOLAAN DAN PENGEMBANGAN SISTEM PENYEDIAAN AIR MINUM",46681344747,0,false,"2025-10-10"
2025,"D107","Kab. Bandung","KABUPATEN",152342,2535804,"1.03.04","PROGRAM PENGEMBANGAN SISTEM DAN PENGELOLAAN PERSAMPAHAN REGIONAL",6593152000,0,false,"2025-10-10"
2025,"D107","Kab. Bandung","KABUPATEN",152342,2535805,"1.03.05","PROGRAM PENGELOLAAN DAN PENGEMBANGAN SISTEM AIR LIMBAH",33163750856,0,false,"2025-10-10"
2025,"D107","Kab. Bandung","KABUPATEN",152342,2535806,"1.03.06","PROGRAM PENGELOLAAN DAN PENGEMBANGAN SISTEM DRAINASE",56691295434,0,false,"2025-10-10"
2025,"D107","Kab. Bandung","KABUPATEN",152342,2535807,"1.03.10","PROGRAM PENYELENGGARAAN JALAN",276422063233,0,false,"2025-10-10"
2025,"D107","Kab. Bandung","KABUPATEN",152342,2535808,"1.03.11","PROGRAM PENGEMBANGAN JASA KONSTRUKSI",1217482000,0,false,"2025-10-10"
2025,"D107","Kab. Bandung","KABUPATEN",152342,2535809,"1.03.12","PROGRAM PENYELENGGARAAN PENATAAN RUANG",4132071900,0,false,"2025-10-10"
2025,"D107","Kab. Bandung","KABUPATEN",96027,2535991,"2.18.01","PROGRAM PENUNJANG URUSAN PEMERINTAHAN DAERAH KABUPATEN/KOTA",18835864414,0,false,"2025-10-10"
2025,"D107","Kab. Bandung","KABUPATEN",96027,2535994,"2.18.02","PROGRAM PENGEMBANGAN IKLIM PENANAMAN MODAL",1079803072,0,false,"2025-10-10"
2025,"D107","Kab. Bandung","KABUPATEN",96027,2535998,"2.18.03","PROGRAM PROMOSI PENANAMAN MODAL",443753040,0,false,"2025-10-10"
2025,"D107","Kab. Bandung","KABUPATEN",96027,2536000,"2.18.04","PROGRAM PELAYANAN PENANAMAN MODAL",224209649,0,false,"2025-10-10"
2025,"D107","Kab. Bandung","KABUPATEN",96027,2536002,"2.18.05","PROGRAM PENGENDALIAN PELAKSANAAN PENANAMAN MODAL",381093209,0,false,"2025-10-10"
2025,"D107","Kab. Bandung","KABUPATEN",96027,2536005,"2.18.06","PROGRAM PENGELOLAAN DATA DAN SISTEM INFORMASI PENANAMAN MODAL",42355162,0,false,"2025-10-10"
2025,"D107","Kab. Bandung","KABUPATEN",361176,2536996,"2.16.01","PROGRAM PENUNJANG URUSAN PEMERINTAHAN DAERAH KABUPATEN/KOTA",1043444184,0,false,"2025-10-10"
2025,"D107","Kab. Bandung","KABUPATEN",60442,2540099,"4.01.01","PROGRAM PENUNJANG URUSAN PEMERINTAHAN DAERAH KABUPATEN/KOTA",55154130695,0,false,"2025-10-10"
2025,"D107","Kab. Bandung","KABUPATEN",60442,2540100,"4.01.02","PROGRAM PEMERINTAHAN DAN KESEJAHTERAAN RAKYAT",49223996108,0,false,"2025-10-10"
2025,"D107","Kab. Bandung","KABUPATEN",60442,2540101,"4.01.03","PROGRAM PEREKONOMIAN DAN PEMBANGUNAN",3646903954,0,false,"2025-10-10"
2025,"D107","Kab. Bandung","KABUPATEN",152132,2540287,"5.03.01","PROGRAM PENUNJANG URUSAN PEMERINTAHAN DAERAH KABUPATEN/KOTA",2034125633,0,false,"2025-10-10"
2025,"D107","Kab. Bandung","KABUPATEN",152132,2540288,"5.03.02","PROGRAM KEPEGAWAIAN DAERAH",3986296938,0,false,"2025-10-10"
2025,"D107","Kab. Bandung","KABUPATEN",152132,2540289,"5.04.02","PROGRAM PENGEMBANGAN SUMBER DAYA MANUSIA",7267943900,0,false,"2025-10-10"
2025,"D107","Kab. Bandung","KABUPATEN",60472,2540406,"7.01.01","PROGRAM PENUNJANG URUSAN PEMERINTAHAN DAERAH KABUPATEN/KOTA",581980370,0,false,"2025-10-10"
2025,"D107","Kab. Bandung","KABUPATEN",60472,2540407,"7.01.02","PROGRAM PENYELENGGARAAN PEMERINTAHAN DAN PELAYANAN PUBLIK",198588655,0,false,"2025-10-10"
2025,"D107","Kab. Bandung","KABUPATEN",60472,2540408,"7.01.06","PROGRAM PEMBINAAN DAN PENGAWASAN PEMERINTAHAN DESA",38095300,0,false,"2025-10-10"
2025,"D107","Kab. Bandung","KABUPATEN",60472,2540409,"7.01.05","PROGRAM PENYELENGGARAAN URUSAN PEMERINTAHAN UMUM",111238468,0,false,"2025-10-10"
2025,"D107","Kab. Bandung","KABUPATEN",60472,2540410,"7.01.04","PROGRAM KOORDINASI KETENTRAMAN DAN KETERTIBAN UMUM",19930300,0,false,"2025-10-10"
2025,"D107","Kab. Bandung","KABUPATEN",60472,2540411,"7.01.03","PROGRAM PEMBERDAYAAN MASYARAKAT DESA DAN KELURAHAN",93267400,0,false,"2025-10-10"
2025,"D107","Kab. Bandung","KABUPATEN",96027,2540470,"2.18.01","PROGRAM PENUNJANG URUSAN PEMERINTAHAN DAERAH KABUPATEN/KOTA",7808827871,0,false,"2025-10-10"
2025,"D107","Kab. Bandung","KABUPATEN",96027,2540471,"2.18.02","PROGRAM PENGEMBANGAN IKLIM PENANAMAN MODAL",1079803072,0,false,"2025-10-10"
2025,"D107","Kab. Bandung","KABUPATEN",96027,2540472,"2.18.05","PROGRAM PENGENDALIAN PELAKSANAAN PENANAMAN MODAL",381093209,0,false,"2025-10-10"
2025,"D107","Kab. Bandung","KABUPATEN",96027,2540473,"2.18.03","PROGRAM PROMOSI PENANAMAN MODAL",293753040,0,false,"2025-10-10"
2025,"D107","Kab. Bandung","KABUPATEN",96027,2540474,"2.18.04","PROGRAM PELAYANAN PENANAMAN MODAL",224209649,0,false,"2025-10-10"
2025,"D107","Kab. Bandung","KABUPATEN",96027,2540475,"2.18.06","PROGRAM PENGELOLAAN DATA DAN SISTEM INFORMASI PENANAMAN MODAL",42355162,0,false,"2025-10-10"
2025,"D107","Kab. Bandung","KABUPATEN",152351,2540496,"3.30.06","PROGRAM STANDARDISASI DAN PERLINDUNGAN KONSUMEN",219415500,0,false,"2025-10-10"
2025,"D107","Kab. Bandung","KABUPATEN",152351,2540497,"3.30.01","PROGRAM PENUNJANG URUSAN PEMERINTAHAN DAERAH KABUPATEN/KOTA",5965527516,0,false,"2025-10-10"
2025,"D107","Kab. Bandung","KABUPATEN",152351,2540498,"3.30.04","PROGRAM STABILISASI HARGA BARANG KEBUTUHAN POKOK DAN BARANG PENTING",244411950,0,false,"2025-10-10"
2025,"D107","Kab. Bandung","KABUPATEN",152351,2540499,"3.30.03","PROGRAM PENINGKATAN SARANA DISTRIBUSI PERDAGANGAN",3196121795,0,false,"2025-10-10"
2025,"D107","Kab. Bandung","KABUPATEN",152351,2540500,"3.30.05","PROGRAM PENGEMBANGAN EKSPOR",192237500,0,false,"2025-10-10"
2025,"D107","Kab. Bandung","KABUPATEN",152351,2540501,"3.30.07","PROGRAM PENGGUNAAN DAN PEMASARAN PRODUK DALAM NEGERI",358841232,0,false,"2025-10-10"
2025,"D107","Kab. Bandung","KABUPATEN",152351,2540502,"3.29.05","PROGRAM PENGELOLAAN ENERGI BARU TERBARUKAN",81580000,0,false,"2025-10-10"
2025,"D107","Kab. Bandung","KABUPATEN",152351,2540503,"3.30.02","PROGRAM PERIZINAN DAN PENDAFTARAN PERUSAHAAN",48166700,0,false,"2025-10-10"
2025,"D107","Kab. Bandung","KABUPATEN",152351,2540504,"3.31.04","PROGRAM PENGELOLAAN SISTEM INFORMASI INDUSTRI NASIONAL",254095400,0,false,"2025-10-10"
2025,"D107","Kab. Bandung","KABUPATEN",152351,2540505,"3.31.02","PROGRAM PERENCANAAN DAN PEMBANGUNAN INDUSTRI",5163927200,0,false,"2025-10-10"
2025,"D107","Kab. Bandung","KABUPATEN",152351,2540506,"3.31.03","PROGRAM PENGENDALIAN IZIN USAHA INDUSTRI",177889150,0,false,"2025-10-10"
2025,"D107","Kab. Bandung","KABUPATEN",60429,2540539,"1.05.03","PROGRAM PENANGGULANGAN BENCANA",4544323752,0,false,"2025-10-10"
2025,"D107","Kab. Bandung","KABUPATEN",60429,2540540,"1.05.01","PROGRAM PENUNJANG URUSAN PEMERINTAHAN DAERAH KABUPATEN/KOTA",3685636152,0,false,"2025-10-10"
2025,"D107","Kab. Bandung","KABUPATEN",60489,2544570,"7.01.01","PROGRAM PENUNJANG URUSAN PEMERINTAHAN DAERAH KABUPATEN/KOTA",816521096,0,false,"2025-10-10"
2025,"D107","Kab. Bandung","KABUPATEN",60489,2544571,"7.01.06","PROGRAM PEMBINAAN DAN PENGAWASAN PEMERINTAHAN DESA",63302200,0,false,"2025-10-10"
2025,"D107","Kab. Bandung","KABUPATEN",60489,2544572,"7.01.05","PROGRAM PENYELENGGARAAN URUSAN PEMERINTAHAN UMUM",111871000,0,false,"2025-10-10"
2025,"D107","Kab. Bandung","KABUPATEN",60489,2544573,"7.01.03","PROGRAM PEMBERDAYAAN MASYARAKAT DESA DAN KELURAHAN",111587800,0,false,"2025-10-10"
2025,"D107","Kab. Bandung","KABUPATEN",60489,2544574,"7.01.02","PROGRAM PENYELENGGARAAN PEMERINTAHAN DAN PELAYANAN PUBLIK",291545000,0,false,"2025-10-10"
2025,"D107","Kab. Bandung","KABUPATEN",60489,2544575,"7.01.04","PROGRAM KOORDINASI KETENTRAMAN DAN KETERTIBAN UMUM",28200000,0,false,"2025-10-10"
2025,"D107","Kab. Bandung","KABUPATEN",60493,2548206,"7.01.01","PROGRAM PENUNJANG URUSAN PEMERINTAHAN DAERAH KABUPATEN/KOTA",732646634,0,false,"2025-10-10"
2025,"D107","Kab. Bandung","KABUPATEN",60493,2548207,"7.01.05","PROGRAM PENYELENGGARAAN URUSAN PEMERINTAHAN UMUM",88000000,0,false,"2025-10-10"
2025,"D107","Kab. Bandung","KABUPATEN",60493,2548208,"7.01.03","PROGRAM PEMBERDAYAAN MASYARAKAT DESA DAN KELURAHAN",192455765,0,false,"2025-10-10"
2025,"D107","Kab. Bandung","KABUPATEN",60493,2548209,"7.01.02","PROGRAM PENYELENGGARAAN PEMERINTAHAN DAN PELAYANAN PUBLIK",316160100,0,false,"2025-10-10"
2025,"D107","Kab. Bandung","KABUPATEN",60493,2548210,"7.01.06","PROGRAM PEMBINAAN DAN PENGAWASAN PEMERINTAHAN DESA",75698700,0,false,"2025-10-10"
2025,"D107","Kab. Bandung","KABUPATEN",60493,2548211,"7.01.04","PROGRAM KOORDINASI KETENTRAMAN DAN KETERTIBAN UMUM",36544800,0,false,"2025-10-10"
2025,"D107","Kab. Bandung","KABUPATEN",152341,2548452,"2.17.01","PROGRAM PENUNJANG URUSAN PEMERINTAHAN DAERAH KABUPATEN/KOTA",3650187737,0,false,"2025-10-10"
2025,"D107","Kab. Bandung","KABUPATEN",152341,2548453,"2.17.07","PROGRAM PEMBERDAYAAN USAHA MENENGAH, USAHA KECIL, DAN USAHA MIKRO (UMKM)",3022221060,0,false,"2025-10-10"
2025,"D107","Kab. Bandung","KABUPATEN",152341,2548454,"2.17.04","PROGRAM PENILAIAN KESEHATAN KSP/USP KOPERASI",314209145,0,false,"2025-10-10"
2025,"D107","Kab. Bandung","KABUPATEN",152341,2548455,"2.17.06","PROGRAM PEMBERDAYAAN DAN PERLINDUNGAN KOPERASI",2029096622,0,false,"2025-10-10"
2025,"D107","Kab. Bandung","KABUPATEN",152341,2548456,"2.17.05","PROGRAM PENDIDIKAN DAN LATIHAN PERKOPERASIAN",106289000,0,false,"2025-10-10"
2025,"D107","Kab. Bandung","KABUPATEN",152341,2548457,"2.17.03","PROGRAM PENGAWASAN DAN PEMERIKSAAN KOPERASI",544154019,0,false,"2025-10-10"
2025,"D107","Kab. Bandung","KABUPATEN",152341,2548458,"2.17.08","PROGRAM PENGEMBANGAN UMKM",1526521815,0,false,"2025-10-10"
2025,"D107","Kab. Bandung","KABUPATEN",152341,2548459,"2.17.02","PROGRAM PELAYANAN IZIN USAHA SIMPAN PINJAM",0,0,false,"2025-10-10"
2025,"D107","Kab. Bandung","KABUPATEN",60471,2549163,"7.01.01","PROGRAM PENUNJANG URUSAN PEMERINTAHAN DAERAH KABUPATEN/KOTA",941922025,0,false,"2025-10-10"
2025,"D107","Kab. Bandung","KABUPATEN",60471,2549164,"7.01.03","PROGRAM PEMBERDAYAAN MASYARAKAT DESA DAN KELURAHAN",117934400,0,false,"2025-10-10"
2025,"D107","Kab. Bandung","KABUPATEN",60471,2549165,"7.01.05","PROGRAM PENYELENGGARAAN URUSAN PEMERINTAHAN UMUM",81650000,0,false,"2025-10-10"
2025,"D107","Kab. Bandung","KABUPATEN",60471,2549166,"7.01.04","PROGRAM KOORDINASI KETENTRAMAN DAN KETERTIBAN UMUM",16100000,0,false,"2025-10-10"
2025,"D107","Kab. Bandung","KABUPATEN",60471,2549167,"7.01.06","PROGRAM PEMBINAAN DAN PENGAWASAN PEMERINTAHAN DESA",66150000,0,false,"2025-10-10"
2025,"D107","Kab. Bandung","KABUPATEN",60471,2549168,"7.01.02","PROGRAM PENYELENGGARAAN PEMERINTAHAN DAN PELAYANAN PUBLIK",246300000,0,false,"2025-10-10"
2025,"D107","Kab. Bandung","KABUPATEN",152302,2550334,"5.02.01","PROGRAM PENUNJANG URUSAN PEMERINTAHAN DAERAH KABUPATEN/KOTA",21899236634,0,false,"2025-10-10"
2025,"D107","Kab. Bandung","KABUPATEN",152302,2550335,"5.02.04","PROGRAM PENGELOLAAN PENDAPATAN DAERAH",31168062058,0,false,"2025-10-10"
2025,"D107","Kab. Bandung","KABUPATEN",60414,2553309,"1.02.02","PROGRAM PEMENUHAN UPAYA KESEHATAN PERORANGAN DAN UPAYA KESEHATAN MASYARAKAT",357951701123,0,false,"2025-10-10"
2025,"D107","Kab. Bandung","KABUPATEN",60414,2553310,"1.02.01","PROGRAM PENUNJANG URUSAN PEMERINTAHAN DAERAH KABUPATEN/KOTA",10013975267,0,false,"2025-10-10"
2025,"D107","Kab. Bandung","KABUPATEN",60414,2553311,"1.02.05","PROGRAM PEMBERDAYAAN MASYARAKAT BIDANG KESEHATAN",264951700,0,false,"2025-10-10"
2025,"D107","Kab. Bandung","KABUPATEN",60414,2553312,"1.02.03","PROGRAM PENINGKATAN KAPASITAS SUMBER DAYA MANUSIA KESEHATAN",22880993420,0,false,"2025-10-10"
2025,"D107","Kab. Bandung","KABUPATEN",60414,2553313,"1.02.04","PROGRAM SEDIAAN FARMASI, ALAT KESEHATAN DAN MAKANAN MINUMAN",937182000,0,false,"2025-10-10"
2025,"D107","Kab. Bandung","KABUPATEN",314489,2553950,"2.08.04","PROGRAM PENINGKATAN KUALITAS KELUARGA",440972500,0,false,"2025-10-10"
2025,"D107","Kab. Bandung","KABUPATEN",314489,2553951,"2.14.01","PROGRAM PENUNJANG URUSAN PEMERINTAHAN DAERAH KABUPATEN/KOTA",999327296,0,false,"2025-10-10"
2025,"D107","Kab. Bandung","KABUPATEN",314489,2553952,"2.08.02","PROGRAM PENGARUSUTAMAAN GENDER DAN PEMBERDAYAAN PEREMPUAN",1092231850,0,false,"2025-10-10"
2025,"D107","Kab. Bandung","KABUPATEN",314489,2553953,"2.14.03","PROGRAM PEMBINAAN KELUARGA BERENCANA (KB)",13202980296,0,false,"2025-10-10"
2025,"D107","Kab. Bandung","KABUPATEN",314489,2553954,"2.08.03","PROGRAM PERLINDUNGAN PEREMPUAN",82832860,0,false,"2025-10-10"
2025,"D107","Kab. Bandung","KABUPATEN",314489,2553955,"2.08.05","PROGRAM PENGELOLAAN SISTEM DATA GENDER DAN ANAK",66246000,0,false,"2025-10-10"
2025,"D107","Kab. Bandung","KABUPATEN",314489,2553956,"2.14.04","PROGRAM PEMBERDAYAAN DAN PENINGKATAN KELUARGA SEJAHTERA (KS)",17188840257,0,false,"2025-10-10"
2025,"D107","Kab. Bandung","KABUPATEN",314489,2553957,"2.14.02","PROGRAM PENGENDALIAN PENDUDUK",757840968,0,false,"2025-10-10"
2025,"D107","Kab. Bandung","KABUPATEN",314489,2553958,"2.08.07","PROGRAM PERLINDUNGAN KHUSUS ANAK",325701930,0,false,"2025-10-10"
2025,"D107","Kab. Bandung","KABUPATEN",314489,2553959,"2.08.06","PROGRAM PEMENUHAN HAK ANAK (PHA)",113662350,0,false,"2025-10-10"
2025,"D107","Kab. Bandung","KABUPATEN",314482,2554166,"3.25.05","PROGRAM PENGAWASAN SUMBER DAYA KELAUTAN DAN PERIKANAN",123038700,0,false,"2025-10-10"
2025,"D107","Kab. Bandung","KABUPATEN",314482,2554167,"3.25.04","PROGRAM PENGELOLAAN PERIKANAN BUDIDAYA",8417217500,0,false,"2025-10-10"
2025,"D107","Kab. Bandung","KABUPATEN",314482,2554168,"2.09.03","PROGRAM PENINGKATAN DIVERSIFIKASI DAN KETAHANAN PANGAN MASYARAKAT",12942043615,0,false,"2025-10-10"
2025,"D107","Kab. Bandung","KABUPATEN",314482,2554169,"2.09.01","PROGRAM PENUNJANG URUSAN PEMERINTAHAN DAERAH KABUPATEN/KOTA",4535659730,0,false,"2025-10-10"
2025,"D107","Kab. Bandung","KABUPATEN",314482,2554170,"3.25.03","PROGRAM PENGELOLAAN PERIKANAN TANGKAP",237720000,0,false,"2025-10-10"
2025,"D107","Kab. Bandung","KABUPATEN",314482,2554171,"3.25.06","PROGRAM PENGOLAHAN DAN PEMASARAN HASIL PERIKANAN",1340830350,0,false,"2025-10-10"
2025,"D107","Kab. Bandung","KABUPATEN",314482,2554172,"2.09.05","PROGRAM PENGAWASAN KEAMANAN PANGAN",1211259000,0,false,"2025-10-10"
2025,"D107","Kab. Bandung","KABUPATEN",314482,2554173,"2.09.04","PROGRAM PENANGANAN KERAWANAN PANGAN",420586400,0,false,"2025-10-10"
2025,"D107","Kab. Bandung","KABUPATEN",314482,2554174,"2.09.02","PROGRAM PENGELOLAAN SUMBER DAYA EKONOMI UNTUK KEDAULATAN dan KEMANDIRIAN PANGAN",290406000,0,false,"2025-10-10"
2025,"D107","Kab. Bandung","KABUPATEN",361176,2554605,"2.16.03","PROGRAM PENGELOLAAN APLIKASI INFORMATIKA",13977479801,0,false,"2025-10-10"
2025,"D107","Kab. Bandung","KABUPATEN",361176,2554606,"2.21.02","PROGRAM PENYELENGGARAAN PERSANDIAN UNTUK PENGAMANAN INFORMASI",1216707700,0,false,"2025-10-10"
2025,"D107","Kab. Bandung","KABUPATEN",361176,2554607,"2.16.01","PROGRAM PENUNJANG URUSAN PEMERINTAHAN DAERAH KABUPATEN/KOTA",3752946336,0,false,"2025-10-10"
2025,"D107","Kab. Bandung","KABUPATEN",361176,2554608,"2.16.02","PROGRAM PENGELOLAAN INFORMASI DAN KOMUNIKASI PUBLIK",4968477260,0,false,"2025-10-10"
2025,"D107","Kab. Bandung","KABUPATEN",361176,2554609,"2.20.02","PROGRAM PENYELENGGARAAN STATISTIK SEKTORAL",924503022,0,false,"2025-10-10"
2025,"D107","Kab. Bandung","KABUPATEN",60422,2555387,"1.06.07","PROGRAM PENGELOLAAN TAMAN MAKAM PAHLAWAN",95057735,0,false,"2025-10-10"
2025,"D107","Kab. Bandung","KABUPATEN",60422,2555388,"1.06.06","PROGRAM PENANGANAN BENCANA",2687892200,0,false,"2025-10-10"
2025,"D107","Kab. Bandung","KABUPATEN",60422,2555389,"1.06.01","PROGRAM PENUNJANG URUSAN PEMERINTAHAN DAERAH KABUPATEN/KOTA",5417312031,0,false,"2025-10-10"
2025,"D107","Kab. Bandung","KABUPATEN",60422,2555390,"1.06.04","PROGRAM REHABILITASI SOSIAL",7552225570,0,false,"2025-10-10"
2025,"D107","Kab. Bandung","KABUPATEN",60422,2555391,"1.06.05","PROGRAM PERLINDUNGAN DAN JAMINAN SOSIAL",14108185600,0,false,"2025-10-10"
2025,"D107","Kab. Bandung","KABUPATEN",60422,2555392,"1.06.03","PROGRAM PENANGANAN WARGA NEGARA MIGRAN KORBAN TINDAK KEKERASAN",38984400,0,false,"2025-10-10"
2025,"D107","Kab. Bandung","KABUPATEN",60422,2555393,"1.06.02","PROGRAM PEMBERDAYAAN SOSIAL",3971530048,0,false,"2025-10-10"
2025,"D107","Kab. Bandung","KABUPATEN",60492,2558381,"7.01.01","PROGRAM PENUNJANG URUSAN PEMERINTAHAN DAERAH KABUPATEN/KOTA",820960728,0,false,"2025-10-10"
2025,"D107","Kab. Bandung","KABUPATEN",60492,2558382,"7.01.03","PROGRAM PEMBERDAYAAN MASYARAKAT DESA DAN KELURAHAN",140300000,0,false,"2025-10-10"
2025,"D107","Kab. Bandung","KABUPATEN",60492,2558383,"7.01.05","PROGRAM PENYELENGGARAAN URUSAN PEMERINTAHAN UMUM",135500000,0,false,"2025-10-10"
2025,"D107","Kab. Bandung","KABUPATEN",60492,2558384,"7.01.06","PROGRAM PEMBINAAN DAN PENGAWASAN PEMERINTAHAN DESA",132500000,0,false,"2025-10-10"
2025,"D107","Kab. Bandung","KABUPATEN",60492,2558385,"7.01.02","PROGRAM PENYELENGGARAAN PEMERINTAHAN DAN PELAYANAN PUBLIK",252367771,0,false,"2025-10-10"
2025,"D107","Kab. Bandung","KABUPATEN",60492,2558386,"7.01.04","PROGRAM KOORDINASI KETENTRAMAN DAN KETERTIBAN UMUM",65000000,0,false,"2025-10-10"
2025,"D107","Kab. Bandung","KABUPATEN",60458,2561349,"1.02.01","PROGRAM PENUNJANG URUSAN PEMERINTAHAN DAERAH KABUPATEN/KOTA",69209800902,0,false,"2025-10-10"
2025,"D107","Kab. Bandung","KABUPATEN",60458,2561350,"1.02.02","PROGRAM PEMENUHAN UPAYA KESEHATAN PERORANGAN DAN UPAYA KESEHATAN MASYARAKAT",4427978000,0,false,"2025-10-10"
2025,"D107","Kab. Bandung","KABUPATEN",60458,2562421,"1.02.01","PROGRAM PENUNJANG URUSAN PEMERINTAHAN DAERAH KABUPATEN/KOTA",69209800902,0,false,"2025-10-10"
2025,"D107","Kab. Bandung","KABUPATEN",152336,2563379,"2.23.02","PROGRAM PEMBINAAN PERPUSTAKAAN",6465574947,0,false,"2025-10-10"
2025,"D107","Kab. Bandung","KABUPATEN",152336,2563380,"2.23.01","PROGRAM PENUNJANG URUSAN PEMERINTAHAN DAERAH KABUPATEN/KOTA",2552346178,0,false,"2025-10-10"
2025,"D107","Kab. Bandung","KABUPATEN",152336,2563381,"2.24.02","PROGRAM PENGELOLAAN ARSIP",261855899,0,false,"2025-10-10"
2025,"D107","Kab. Bandung","KABUPATEN",152336,2563382,"2.23.03","PROGRAM PELESTARIAN KOLEKSI NASIONAL DAN NASKAH KUNO",90677259,0,false,"2025-10-10"
2025,"D107","Kab. Bandung","KABUPATEN",152336,2563383,"2.24.04","PROGRAM PERIZINAN PENGGUNAAN ARSIP",27371138,0,false,"2025-10-10"
2025,"D107","Kab. Bandung","KABUPATEN",152336,2563384,"2.24.03","PROGRAM PERLINDUNGAN DAN PENYELAMATAN ARSIP",23179900,0,false,"2025-10-10"
2025,"D107","Kab. Bandung","KABUPATEN",60469,2564466,"7.01.01","PROGRAM PENUNJANG URUSAN PEMERINTAHAN DAERAH KABUPATEN/KOTA",1001772800,0,false,"2025-10-10"
2025,"D107","Kab. Bandung","KABUPATEN",60469,2564467,"7.01.02","PROGRAM PENYELENGGARAAN PEMERINTAHAN DAN PELAYANAN PUBLIK",354400000,0,false,"2025-10-10"
2025,"D107","Kab. Bandung","KABUPATEN",60469,2564468,"7.01.03","PROGRAM PEMBERDAYAAN MASYARAKAT DESA DAN KELURAHAN",2775148531,0,false,"2025-10-10"
2025,"D107","Kab. Bandung","KABUPATEN",60469,2564469,"7.01.06","PROGRAM PEMBINAAN DAN PENGAWASAN PEMERINTAHAN DESA",25000000,0,false,"2025-10-10"
2025,"D107","Kab. Bandung","KABUPATEN",60469,2564470,"7.01.04","PROGRAM KOORDINASI KETENTRAMAN DAN KETERTIBAN UMUM",20920000,0,false,"2025-10-10"
2025,"D107","Kab. Bandung","KABUPATEN",60469,2564471,"7.01.05","PROGRAM PENYELENGGARAAN URUSAN PEMERINTAHAN UMUM",78800000,0,false,"2025-10-10"
2025,"D107","Kab. Bandung","KABUPATEN",152334,2565014,"5.02.01","PROGRAM PENUNJANG URUSAN PEMERINTAHAN DAERAH KABUPATEN/KOTA",16192672084,0,false,"2025-10-10"
2025,"D107","Kab. Bandung","KABUPATEN",152334,2565015,"5.02.02","PROGRAM PENGELOLAAN KEUANGAN DAERAH",41463176748,0,false,"2025-10-10"
2025,"D107","Kab. Bandung","KABUPATEN",152334,2565016,"5.02.03","PROGRAM PENGELOLAAN BARANG MILIK DAERAH",2640368350,0,false,"2025-10-10"
2025,"D107","Kab. Bandung","KABUPATEN",152353,2565618,"6.01.01","PROGRAM PENUNJANG URUSAN PEMERINTAHAN DAERAH KABUPATEN/KOTA",16523302994,0,false,"2025-10-10"
2025,"D107","Kab. Bandung","KABUPATEN",152353,2565619,"6.01.03","PROGRAM PERUMUSAN KEBIJAKAN, PENDAMPINGAN DAN ASISTENSI",5493744623,0,false,"2025-10-10"
2025,"D107","Kab. Bandung","KABUPATEN",152353,2565620,"6.01.02","PROGRAM PENYELENGGARAAN PENGAWASAN",3056242556,0,false,"2025-10-10"
2025,"D107","Kab. Bandung","KABUPATEN",152352,2565786,"2.10.04","PROGRAM PENYELESAIAN SENGKETA TANAH GARAPAN",1358348200,0,false,"2025-10-10"
2025,"D107","Kab. Bandung","KABUPATEN",152352,2565787,"1.04.05","PROGRAM PENINGKATAN PRASARANA, SARANA DAN UTILITAS UMUM (PSU)",36411668060,0,false,"2025-10-10"
2025,"D107","Kab. Bandung","KABUPATEN",152352,2565788,"1.04.02","PROGRAM PENGEMBANGAN PERUMAHAN",2402267000,0,false,"2025-10-10"
2025,"D107","Kab. Bandung","KABUPATEN",152352,2565789,"1.04.03","PROGRAM KAWASAN PERMUKIMAN",14333590650,0,false,"2025-10-10"
2025,"D107","Kab. Bandung","KABUPATEN",152352,2565790,"1.04.01","PROGRAM PENUNJANG URUSAN PEMERINTAHAN DAERAH KABUPATEN/KOTA",6048953760,0,false,"2025-10-10"
2025,"D107","Kab. Bandung","KABUPATEN",152352,2565791,"2.10.10","PROGRAM PENATAGUNAAN TANAH ",50717668000,0,false,"2025-10-10"
2025,"D107","Kab. Bandung","KABUPATEN",152352,2565792,"1.04.04","PROGRAM PERUMAHAN DAN KAWASAN PERMUKIMAN KUMUH",94422174940,0,false,"2025-10-10"
2025,"D107","Kab. Bandung","KABUPATEN",152352,2565793,"2.10.06","PROGRAM REDISTRIBUSI TANAH, DAN GANTI KERUGIAN PROGRAM TANAH KELEBIHAN MAKSIMUM DAN TANAH ABSENTEE",95560000,0,false,"2025-10-10"
2025,"D107","Kab. Bandung","KABUPATEN",60469,2566150,"7.01.01","Program Penunjang Urusan Pemerintahan Daerah Kabupaten/Kota",177496224,0,false,"2025-10-10"
2025,"D107","Kab. Bandung","KABUPATEN",96035,2566563,"3.26.01","PROGRAM PENUNJANG URUSAN PEMERINTAHAN DAERAH KABUPATEN/KOTA",7080939221,0,false,"2025-10-10"
2025,"D107","Kab. Bandung","KABUPATEN",96035,2566564,"2.22.02","PROGRAM PENGEMBANGAN KEBUDAYAAN",0,0,false,"2025-10-10"
2025,"D107","Kab. Bandung","KABUPATEN",96035,2566565,"3.26.05","PROGRAM PENGEMBANGAN SUMBER DAYA PARIWISATA DAN EKONOMI KREATIF",1538600130,0,false,"2025-10-10"
2025,"D107","Kab. Bandung","KABUPATEN",96035,2566566,"3.26.02","PROGRAM PENINGKATAN DAYA TARIK DESTINASI PARIWISATA",2536806101,0,false,"2025-10-10"
2025,"D107","Kab. Bandung","KABUPATEN",96035,2566567,"2.22.03","PROGRAM PENGEMBANGAN KESENIAN TRADISIONAL",0,0,false,"2025-10-10"
2025,"D107","Kab. Bandung","KABUPATEN",96035,2566568,"3.26.04","PROGRAM PENGEMBANGAN EKONOMI KREATIF MELALUI PEMANFAATAN DAN PERLINDUNGAN HAK KEKAYAAN INTELEKTUAL",699923400,0,false,"2025-10-10"
2025,"D107","Kab. Bandung","KABUPATEN",96035,2566569,"3.26.03","PROGRAM PEMASARAN PARIWISATA",2300655200,0,false,"2025-10-10"
2025,"D107","Kab. Bandung","KABUPATEN",96035,2566570,"2.22.04","PROGRAM PEMBINAAN SEJARAH",0,0,false,"2025-10-10"
2025,"D107","Kab. Bandung","KABUPATEN",96035,2566571,"2.22.05","PROGRAM PELESTARIAN DAN PENGELOLAAN CAGAR BUDAYA",0,0,false,"2025-10-10"
2025,"D107","Kab. Bandung","KABUPATEN",96035,2566572,"2.22.06","PROGRAM PENGELOLAAN PERMUSEUMAN",0,0,false,"2025-10-10"
2025,"D107","Kab. Bandung","KABUPATEN",60456,2566807,"1.02.01","PROGRAM PENUNJANG URUSAN PEMERINTAHAN DAERAH KABUPATEN/KOTA",133998500000,0,false,"2025-10-10"
2025,"D107","Kab. Bandung","KABUPATEN",60456,2566808,"1.02.02","PROGRAM PEMENUHAN UPAYA KESEHATAN PERORANGAN DAN UPAYA KESEHATAN MASYARAKAT",7506000000,0,false,"2025-10-10"
2025,"D107","Kab. Bandung","KABUPATEN",60412,2567753,"4.02.01","PROGRAM PENUNJANG URUSAN PEMERINTAHAN DAERAH KABUPATEN/KOTA",19932165478,0,false,"2025-10-10"
2025,"D107","Kab. Bandung","KABUPATEN",60412,2567754,"4.02.02","PROGRAM DUKUNGAN PELAKSANAAN TUGAS DAN FUNGSI DPRD",26136898845,0,false,"2025-10-10"
2025,"D107","Kab. Bandung","KABUPATEN",60427,2568304,"8.01.01","PROGRAM PENUNJANG URUSAN PEMERINTAHAN DAERAH KABUPATEN/KOTA",2278542718,0,false,"2025-10-10"
2025,"D107","Kab. Bandung","KABUPATEN",60427,2568305,"8.01.02","PROGRAM PENGUATAN IDEOLOGI PANCASILA DAN KARAKTER KEBANGSAAN",1180223500,0,false,"2025-10-10"
2025,"D107","Kab. Bandung","KABUPATEN",60427,2568306,"8.01.05","PROGRAM PEMBINAAN DAN PENGEMBANGAN KETAHANAN EKONOMI, SOSIAL, DAN BUDAYA",106303500,0,false,"2025-10-10"
2025,"D107","Kab. Bandung","KABUPATEN",60427,2568307,"8.01.06","PROGRAM PENINGKATAN KEWASPADAAN NASIONAL DAN PENINGKATAN KUALITAS DAN FASILITASI PENANGANAN KONFLIK SOSIAL",17371033815,0,false,"2025-10-10"
2025,"D107","Kab. Bandung","KABUPATEN",60427,2568308,"8.01.03","PROGRAM PENINGKATAN PERAN PARTAI POLITIK DAN LEMBAGA PENDIDIKAN MELALUI PENDIDIKAN POLITIK DAN PENGEMBANGAN ETIKA SERTA BUDAYA POLITIK",13299089816,0,false,"2025-10-10"
2025,"D107","Kab. Bandung","KABUPATEN",60427,2568309,"8.01.04","PROGRAM PEMBERDAYAAN DAN PENGAWASAN ORGANISASI KEMASYARAKATAN",1611956850,0,false,"2025-10-10"
2025,"D107","Kab. Bandung","KABUPATEN",60461,2568632,"7.01.01","PROGRAM PENUNJANG URUSAN PEMERINTAHAN DAERAH KABUPATEN/KOTA",579873185,0,false,"2025-10-10"
2025,"D107","Kab. Bandung","KABUPATEN",60461,2568633,"7.01.05","PROGRAM PENYELENGGARAAN URUSAN PEMERINTAHAN UMUM",116788600,0,false,"2025-10-10"
2025,"D107","Kab. Bandung","KABUPATEN",60461,2568634,"7.01.02","PROGRAM PENYELENGGARAAN PEMERINTAHAN DAN PELAYANAN PUBLIK",199129605,0,false,"2025-10-10"
2025,"D107","Kab. Bandung","KABUPATEN",60461,2568635,"7.01.06","PROGRAM PEMBINAAN DAN PENGAWASAN PEMERINTAHAN DESA",51323900,0,false,"2025-10-10"
2025,"D107","Kab. Bandung","KABUPATEN",60461,2568636,"7.01.03","PROGRAM PEMBERDAYAAN MASYARAKAT DESA DAN KELURAHAN",74337000,0,false,"2025-10-10"
2025,"D107","Kab. Bandung","KABUPATEN",60461,2568637,"7.01.04","PROGRAM KOORDINASI KETENTRAMAN DAN KETERTIBAN UMUM",48540000,0,false,"2025-10-10"
2025,"D107","Kab. Bandung","KABUPATEN",101513,2568710,"2.13.01","PROGRAM PENUNJANG URUSAN PEMERINTAHAN DAERAH KABUPATEN/KOTA",1953125475,0,false,"2025-10-10"
2025,"D107","Kab. Bandung","KABUPATEN",101513,2568711,"2.13.02","PROGRAM PENATAAN DESA",380000000,0,false,"2025-10-10"
2025,"D107","Kab. Bandung","KABUPATEN",101513,2568712,"2.13.05","PROGRAM PEMBERDAYAAN LEMBAGA KEMASYARAKATAN, LEMBAGA ADAT DAN MASYARAKAT HUKUM ADAT",5026416800,0,false,"2025-10-10"
2025,"D107","Kab. Bandung","KABUPATEN",101513,2568713,"2.13.04","PROGRAM ADMINISTRASI PEMERINTAHAN DESA",11439836511,0,false,"2025-10-10"
2025,"D107","Kab. Bandung","KABUPATEN",101513,2568714,"2.13.03","PROGRAM PENINGKATAN KERJA SAMA DESA",316893920,0,false,"2025-10-10"
2025,"D107","Kab. Bandung","KABUPATEN",60418,2569147,"2.15.02","PROGRAM PENYELENGGARAAN LALU LINTAS DAN ANGKUTAN JALAN (LLAJ)",70024041502,0,false,"2025-10-10"
2025,"D107","Kab. Bandung","KABUPATEN",60418,2569148,"2.15.01","PROGRAM PENUNJANG URUSAN PEMERINTAHAN DAERAH KABUPATEN/KOTA",23155060512,0,false,"2025-10-10"
2025,"D107","Kab. Bandung","KABUPATEN",60418,2569149,"2.15.05","PROGRAM PENGELOLAAN PERKERETAAPIAN",475492600,0,false,"2025-10-10"
2025,"D107","Kab. Bandung","KABUPATEN",60418,2569150,"2.15.03","PROGRAM PENGELOLAAN PELAYARAN",146560000,0,false,"2025-10-10"
2025,"D107","Kab. Bandung","KABUPATEN",96030,2571132,"3.27.01","PROGRAM PENUNJANG URUSAN PEMERINTAHAN DAERAH KABUPATEN/KOTA",8278353470,0,false,"2025-10-10"
2025,"D107","Kab. Bandung","KABUPATEN",96030,2571133,"3.27.04","PROGRAM PENGENDALIAN KESEHATAN HEWAN DAN KESEHATAN MASYARAKAT VETERINER",2779549310,0,false,"2025-10-10"
2025,"D107","Kab. Bandung","KABUPATEN",96030,2571134,"3.27.05","PROGRAM PENGENDALIAN DAN PENANGGULANGAN BENCANA PERTANIAN",2953513950,0,false,"2025-10-10"
2025,"D107","Kab. Bandung","KABUPATEN",96030,2571135,"3.27.02","PROGRAM PENYEDIAAN DAN PENGEMBANGAN SARANA PERTANIAN",22749462440,0,false,"2025-10-10"
2025,"D107","Kab. Bandung","KABUPATEN",96030,2571136,"3.27.07","PROGRAM PENYULUHAN PERTANIAN",42064450865,0,false,"2025-10-10"
2025,"D107","Kab. Bandung","KABUPATEN",96030,2571137,"3.27.06","PROGRAM PERIZINAN USAHA PERTANIAN",371663340,0,false,"2025-10-10"
2025,"D107","Kab. Bandung","KABUPATEN",96030,2571138,"3.27.03","PROGRAM PENYEDIAAN DAN PENGEMBANGAN PRASARANA PERTANIAN",13720160297,0,false,"2025-10-10"
2025,"D107","Kab. Bandung","KABUPATEN",60495,2572344,"7.01.01","PROGRAM PENUNJANG URUSAN PEMERINTAHAN DAERAH KABUPATEN/KOTA",556998200,0,false,"2025-10-10"
2025,"D107","Kab. Bandung","KABUPATEN",60495,2572345,"7.01.05","PROGRAM PENYELENGGARAAN URUSAN PEMERINTAHAN UMUM",97962483,0,false,"2025-10-10"
2025,"D107","Kab. Bandung","KABUPATEN",60495,2572346,"7.01.03","PROGRAM PEMBERDAYAAN MASYARAKAT DESA DAN KELURAHAN",144617200,0,false,"2025-10-10"
2025,"D107","Kab. Bandung","KABUPATEN",60495,2572347,"7.01.06","PROGRAM PEMBINAAN DAN PENGAWASAN PEMERINTAHAN DESA",41605000,0,false,"2025-10-10"
2025,"D107","Kab. Bandung","KABUPATEN",60495,2572348,"7.01.02","PROGRAM PENYELENGGARAAN PEMERINTAHAN DAN PELAYANAN PUBLIK",260404058,0,false,"2025-10-10"
2025,"D107","Kab. Bandung","KABUPATEN",60495,2572349,"7.01.04","PROGRAM KOORDINASI KETENTRAMAN DAN KETERTIBAN UMUM",41075000,0,false,"2025-10-10"
2025,"D107","Kab. Bandung","KABUPATEN",152347,2572821,"2.19.03","PROGRAM PENGEMBANGAN KAPASITAS DAYA SAING KEOLAHRAGAAN",46883886200,0,false,"2025-10-10"
2025,"D107","Kab. Bandung","KABUPATEN",152347,2572822,"2.19.01","PROGRAM PENUNJANG URUSAN PEMERINTAHAN DAERAH KABUPATEN/KOTA",9298972370,0,false,"2025-10-10"
2025,"D107","Kab. Bandung","KABUPATEN",152347,2572823,"2.19.02","PROGRAM PENGEMBANGAN KAPASITAS DAYA SAING KEPEMUDAAN",4654475600,0,false,"2025-10-10"
2025,"D107","Kab. Bandung","KABUPATEN",152347,2572824,"2.19.04","PROGRAM PENGEMBANGAN KAPASITAS KEPRAMUKAAN",3778731879,0,false,"2025-10-10"
2025,"D107","Kab. Bandung","KABUPATEN",60488,2573345,"7.01.01","PROGRAM PENUNJANG URUSAN PEMERINTAHAN DAERAH KABUPATEN/KOTA",1289780390,0,false,"2025-10-10"
2025,"D107","Kab. Bandung","KABUPATEN",60488,2573346,"7.01.06","PROGRAM PEMBINAAN DAN PENGAWASAN PEMERINTAHAN DESA",106488000,0,false,"2025-10-10"
2025,"D107","Kab. Bandung","KABUPATEN",60488,2573347,"7.01.03","PROGRAM PEMBERDAYAAN MASYARAKAT DESA DAN KELURAHAN",176003000,0,false,"2025-10-10"
2025,"D107","Kab. Bandung","KABUPATEN",60488,2573348,"7.01.05","PROGRAM PENYELENGGARAAN URUSAN PEMERINTAHAN UMUM",89975000,0,false,"2025-10-10"
2025,"D107","Kab. Bandung","KABUPATEN",60488,2573349,"7.01.04","PROGRAM KOORDINASI KETENTRAMAN DAN KETERTIBAN UMUM",116106900,0,false,"2025-10-10"
2025,"D107","Kab. Bandung","KABUPATEN",60488,2573350,"7.01.02","PROGRAM PENYELENGGARAAN PEMERINTAHAN DAN PELAYANAN PUBLIK",387130414,0,false,"2025-10-10"
2025,"D107","Kab. Bandung","KABUPATEN",60476,2574004,"7.01.05","PROGRAM PENYELENGGARAAN URUSAN PEMERINTAHAN UMUM",111021500,0,false,"2025-10-10"
2025,"D107","Kab. Bandung","KABUPATEN",60476,2574005,"7.01.03","PROGRAM PEMBERDAYAAN MASYARAKAT DESA DAN KELURAHAN",91899560,0,false,"2025-10-10"
2025,"D107","Kab. Bandung","KABUPATEN",60476,2574006,"7.01.01","PROGRAM PENUNJANG URUSAN PEMERINTAHAN DAERAH KABUPATEN/KOTA",968410630,0,false,"2025-10-10"
2025,"D107","Kab. Bandung","KABUPATEN",60476,2574007,"7.01.04","PROGRAM KOORDINASI KETENTRAMAN DAN KETERTIBAN UMUM",43454940,0,false,"2025-10-10"
2025,"D107","Kab. Bandung","KABUPATEN",60476,2574008,"7.01.02","PROGRAM PENYELENGGARAAN PEMERINTAHAN DAN PELAYANAN PUBLIK",271846205,0,false,"2025-10-10"
2025,"D107","Kab. Bandung","KABUPATEN",60476,2574009,"7.01.06","PROGRAM PEMBINAAN DAN PENGAWASAN PEMERINTAHAN DESA",42865600,0,false,"2025-10-10"
2025,"D107","Kab. Bandung","KABUPATEN",60420,2574809,"2.12.01","PROGRAM PENUNJANG URUSAN PEMERINTAHAN DAERAH KABUPATEN/KOTA",25520085625,0,false,"2025-10-10"
2025,"D107","Kab. Bandung","KABUPATEN",60420,2574810,"2.12.03","PROGRAM PENCATATAN SIPIL",658700060,0,false,"2025-10-10"
2025,"D107","Kab. Bandung","KABUPATEN",60420,2574811,"2.12.05","PROGRAM PENGELOLAAN PROFIL KEPENDUDUKAN",33814650,0,false,"2025-10-10"
2025,"D107","Kab. Bandung","KABUPATEN",60420,2574812,"2.12.04","PROGRAM PENGELOLAAN INFORMASI ADMINISTRASI KEPENDUDUKAN",2455422600,0,false,"2025-10-10"
2025,"D107","Kab. Bandung","KABUPATEN",60420,2574813,"2.12.02","PROGRAM PENDAFTARAN PENDUDUK",913697326,0,false,"2025-10-10"
2025,"D107","Kab. Bandung","KABUPATEN",96025,2574899,"2.11.11","PENGELOLAAN PERSAMPAHAN",64299661208,0,false,"2025-10-10"
2025,"D107","Kab. Bandung","KABUPATEN",60463,2574904,"7.01.01","PROGRAM PENUNJANG URUSAN PEMERINTAHAN DAERAH KABUPATEN/KOTA",688540600,0,false,"2025-10-10"
2025,"D107","Kab. Bandung","KABUPATEN",60463,2574905,"7.01.03","PROGRAM PEMBERDAYAAN MASYARAKAT DESA DAN KELURAHAN",5581822374,0,false,"2025-10-10"
2025,"D107","Kab. Bandung","KABUPATEN",60463,2574906,"7.01.02","PROGRAM PENYELENGGARAAN PEMERINTAHAN DAN PELAYANAN PUBLIK",486439546,0,false,"2025-10-10"
2025,"D107","Kab. Bandung","KABUPATEN",60463,2574907,"7.01.05","PROGRAM PENYELENGGARAAN URUSAN PEMERINTAHAN UMUM",82772000,0,false,"2025-10-10"
2025,"D107","Kab. Bandung","KABUPATEN",60463,2574908,"7.01.06","PROGRAM PEMBINAAN DAN PENGAWASAN PEMERINTAHAN DESA",94055000,0,false,"2025-10-10"
2025,"D107","Kab. Bandung","KABUPATEN",60463,2574909,"7.01.04","PROGRAM KOORDINASI KETENTRAMAN DAN KETERTIBAN UMUM",15154700,0,false,"2025-10-10"
2025,"D107","Kab. Bandung","KABUPATEN",96020,2575274,"1.01.01","PROGRAM PENUNJANG URUSAN PEMERINTAHAN DAERAH KABUPATEN/KOTA",7201247691,0,false,"2025-10-10"
2025,"D107","Kab. Bandung","KABUPATEN",96020,2575275,"1.01.02","PROGRAM PENGELOLAAN PENDIDIKAN",916494560975,0,false,"2025-10-10"
2025,"D107","Kab. Bandung","KABUPATEN",96020,2575276,"1.01.06","PROGRAM PENGEMBANGAN BAHASA DAN SASTRA",405425850,0,false,"2025-10-10"
2025,"D107","Kab. Bandung","KABUPATEN",96020,2575277,"1.01.03","PROGRAM PENGEMBANGAN KURIKULUM",0,0,false,"2025-10-10"
2025,"D107","Kab. Bandung","KABUPATEN",96020,2575278,"1.01.05","PROGRAM PENGENDALIAN PERIZINAN PENDIDIKAN",600000000,0,false,"2025-10-10"
2025,"D107","Kab. Bandung","KABUPATEN",96020,2575279,"1.01.04","PROGRAM PENDIDIK DAN TENAGA KEPENDIDIKAN",0,0,false,"2025-10-10"
2025,"D107","Kab. Bandung","KABUPATEN",60464,2575485,"7.01.01","PROGRAM PENUNJANG URUSAN PEMERINTAHAN DAERAH KABUPATEN/KOTA",793739861,0,false,"2025-10-10"
2025,"D107","Kab. Bandung","KABUPATEN",60464,2575486,"7.01.05","PROGRAM PENYELENGGARAAN URUSAN PEMERINTAHAN UMUM",109348000,0,false,"2025-10-10"
2025,"D107","Kab. Bandung","KABUPATEN",60464,2575487,"7.01.03","PROGRAM PEMBERDAYAAN MASYARAKAT DESA DAN KELURAHAN",105000000,0,false,"2025-10-10"
2025,"D107","Kab. Bandung","KABUPATEN",60464,2575488,"7.01.06","PROGRAM PEMBINAAN DAN PENGAWASAN PEMERINTAHAN DESA",71000000,0,false,"2025-10-10"
2025,"D107","Kab. Bandung","KABUPATEN",60464,2575489,"7.01.02","PROGRAM PENYELENGGARAAN PEMERINTAHAN DAN PELAYANAN PUBLIK",137917319,0,false,"2025-10-10"
2025,"D107","Kab. Bandung","KABUPATEN",60464,2575490,"7.01.04","PROGRAM KOORDINASI KETENTRAMAN DAN KETERTIBAN UMUM",30000000,0,false,"2025-10-10"
2025,"D107","Kab. Bandung","KABUPATEN",60467,2575709,"7.01.01","PROGRAM PENUNJANG URUSAN PEMERINTAHAN DAERAH KABUPATEN/KOTA",532551000,0,false,"2025-10-10"
2025,"D107","Kab. Bandung","KABUPATEN",60467,2575710,"7.01.03","PROGRAM PEMBERDAYAAN MASYARAKAT DESA DAN KELURAHAN",71445015,0,false,"2025-10-10"
2025,"D107","Kab. Bandung","KABUPATEN",60467,2575711,"7.01.02","PROGRAM PENYELENGGARAAN PEMERINTAHAN DAN PELAYANAN PUBLIK",126671999,0,false,"2025-10-10"
2025,"D107","Kab. Bandung","KABUPATEN",60467,2575712,"7.01.06","PROGRAM PEMBINAAN DAN PENGAWASAN PEMERINTAHAN DESA",42000000,0,false,"2025-10-10"
2025,"D107","Kab. Bandung","KABUPATEN",60467,2575713,"7.01.05","PROGRAM PENYELENGGARAAN URUSAN PEMERINTAHAN UMUM",43831000,0,false,"2025-10-10"
2025,"D107","Kab. Bandung","KABUPATEN",60467,2575714,"7.01.04","PROGRAM KOORDINASI KETENTRAMAN DAN KETERTIBAN UMUM",25230000,0,false,"2025-10-10"
2025,"D107","Kab. Bandung","KABUPATEN",60484,2579455,"7.01.01","PROGRAM PENUNJANG URUSAN PEMERINTAHAN DAERAH KABUPATEN/KOTA",1874578950,0,false,"2025-10-10"
2025,"D107","Kab. Bandung","KABUPATEN",60484,2579456,"7.01.03","PROGRAM PEMBERDAYAAN MASYARAKAT DESA DAN KELURAHAN",14512488984,0,false,"2025-10-10"
2025,"D107","Kab. Bandung","KABUPATEN",60484,2579457,"7.01.05","PROGRAM PENYELENGGARAAN URUSAN PEMERINTAHAN UMUM",88286000,0,false,"2025-10-10"
2025,"D107","Kab. Bandung","KABUPATEN",60484,2579458,"7.01.06","PROGRAM PEMBINAAN DAN PENGAWASAN PEMERINTAHAN DESA",47336250,0,false,"2025-10-10"
2025,"D107","Kab. Bandung","KABUPATEN",60484,2579459,"7.01.04","PROGRAM KOORDINASI KETENTRAMAN DAN KETERTIBAN UMUM",33286000,0,false,"2025-10-10"
2025,"D107","Kab. Bandung","KABUPATEN",60484,2579460,"7.01.02","PROGRAM PENYELENGGARAAN PEMERINTAHAN DAN PELAYANAN PUBLIK",211200000,0,false,"2025-10-10"
2025,"D107","Kab. Bandung","KABUPATEN",60458,2579575,"1.02.02","PROGRAM PEMENUHAN UPAYA KESEHATAN PERORANGAN DAN UPAYA KESEHATAN MASYARAKAT",17784978000,0,false,"2025-10-10"
2025,"D107","Kab. Bandung","KABUPATEN",96025,2581256,"2.11.11","PROGRAM PENGELOLAAN PERSAMPAHAN",58611873982,0,false,"2025-10-10"
2025,"D107","Kab. Bandung","KABUPATEN",96025,2581257,"2.11.04","PROGRAM PENGELOLAAN KEANEKARAGAMAN HAYATI (KEHATI)",320674809,0,false,"2025-10-10"
2025,"D107","Kab. Bandung","KABUPATEN",96025,2581258,"2.11.03","PROGRAM PENGENDALIAN PENCEMARAN DAN/ATAU KERUSAKAN LINGKUNGAN HIDUP",1666260560,0,false,"2025-10-10"
2025,"D107","Kab. Bandung","KABUPATEN",96025,2581259,"2.11.07","PROGRAM PENGAKUAN KEBERADAAN MASYARAKAT HUKUM ADAT (MHA), KEARIFAN LOKAL DAN HAK MHA YANG TERKAIT DENGAN PPLH",305492080,0,false,"2025-10-10"
2025,"D107","Kab. Bandung","KABUPATEN",96025,2581260,"2.11.01","PROGRAM PENUNJANG URUSAN PEMERINTAHAN DAERAH KABUPATEN/KOTA",21485282217,0,false,"2025-10-10"
2025,"D107","Kab. Bandung","KABUPATEN",96025,2581261,"2.11.10","PROGRAM PENANGANAN PENGADUAN LINGKUNGAN HIDUP",69856600,0,false,"2025-10-10"
2025,"D107","Kab. Bandung","KABUPATEN",96025,2581262,"2.11.02","PROGRAM PERENCANAAN LINGKUNGAN HIDUP",217899800,0,false,"2025-10-10"
2025,"D107","Kab. Bandung","KABUPATEN",96025,2581263,"2.11.08","PROGRAM PENINGKATAN PENDIDIKAN, PELATIHAN DAN PENYULUHAN LINGKUNGAN HIDUP UNTUK MASYARAKAT",132358039,0,false,"2025-10-10"
2025,"D107","Kab. Bandung","KABUPATEN",96025,2581264,"2.11.09","PROGRAM PENGHARGAAN LINGKUNGAN HIDUP UNTUK MASYARAKAT",9287200,0,false,"2025-10-10"
2025,"D107","Kab. Bandung","KABUPATEN",96025,2581265,"2.11.06","PROGRAM PEMBINAAN DAN PENGAWASAN TERHADAP IZIN LINGKUNGAN DAN IZIN PERLINDUNGAN DAN PENGELOLAAN LINGKUNGAN HIDUP (PPLH)",33592000,0,false,"2025-10-10"
2025,"D107","Kab. Bandung","KABUPATEN",314481,2582567,"1.05.04","PROGRAM PENCEGAHAN, PENANGGULANGAN, PENYELAMATAN KEBAKARAN DAN PENYELAMATAN NON KEBAKARAN",7394726698,0,false,"2025-10-10"
2025,"D107","Kab. Bandung","KABUPATEN",314481,2582568,"1.05.01","PROGRAM PENUNJANG URUSAN PEMERINTAHAN DAERAH KABUPATEN/KOTA",3848549172,0,false,"2025-10-10"
2025,"D107","Kab. Bandung","KABUPATEN",60482,2584410,"7.01.01","PROGRAM PENUNJANG URUSAN PEMERINTAHAN DAERAH KABUPATEN/KOTA",732880000,0,false,"2025-10-10"
2025,"D107","Kab. Bandung","KABUPATEN",60482,2584411,"7.01.03","PROGRAM PEMBERDAYAAN MASYARAKAT DESA DAN KELURAHAN",67516177,0,false,"2025-10-10"
2025,"D107","Kab. Bandung","KABUPATEN",60482,2584412,"7.01.05","PROGRAM PENYELENGGARAAN URUSAN PEMERINTAHAN UMUM",57100000,0,false,"2025-10-10"
2025,"D107","Kab. Bandung","KABUPATEN",60482,2584413,"7.01.04","PROGRAM KOORDINASI KETENTRAMAN DAN KETERTIBAN UMUM",45000000,0,false,"2025-10-10"
2025,"D107","Kab. Bandung","KABUPATEN",60482,2584414,"7.01.06","PROGRAM PEMBINAAN DAN PENGAWASAN PEMERINTAHAN DESA",51284700,0,false,"2025-10-10"
2025,"D107","Kab. Bandung","KABUPATEN",60482,2584415,"7.01.02","PROGRAM PENYELENGGARAAN PEMERINTAHAN DAN PELAYANAN PUBLIK",317200000,0,false,"2025-10-10"
2025,"D107","Kab. Bandung","KABUPATEN",314425,2584508,"1.02.01","PROGRAM PENUNJANG URUSAN PEMERINTAHAN DAERAH KABUPATEN/KOTA",2453290757,0,false,"2025-10-10"
2025,"D107","Kab. Bandung","KABUPATEN",60478,2591105,"7.01.01","PROGRAM PENUNJANG URUSAN PEMERINTAHAN DAERAH KABUPATEN/KOTA",814456232,0,false,"2025-10-10"
2025,"D107","Kab. Bandung","KABUPATEN",60478,2591106,"7.01.05","PROGRAM PENYELENGGARAAN URUSAN PEMERINTAHAN UMUM",261094331,0,false,"2025-10-10"
2025,"D107","Kab. Bandung","KABUPATEN",60478,2591107,"7.01.06","PROGRAM PEMBINAAN DAN PENGAWASAN PEMERINTAHAN DESA",55312000,0,false,"2025-10-10"
2025,"D107","Kab. Bandung","KABUPATEN",60478,2591108,"7.01.02","PROGRAM PENYELENGGARAAN PEMERINTAHAN DAN PELAYANAN PUBLIK",213463600,0,false,"2025-10-10"
2025,"D107","Kab. Bandung","KABUPATEN",60478,2591109,"7.01.03","PROGRAM PEMBERDAYAAN MASYARAKAT DESA DAN KELURAHAN",127000000,0,false,"2025-10-10"
2025,"D107","Kab. Bandung","KABUPATEN",60478,2591110,"7.01.04","PROGRAM KOORDINASI KETENTRAMAN DAN KETERTIBAN UMUM",34847532,0,false,"2025-10-10"
2025,"D107","Kab. Bandung","KABUPATEN",60460,2592456,"7.01.01","PROGRAM PENUNJANG URUSAN PEMERINTAHAN DAERAH KABUPATEN/KOTA",503313062,0,false,"2025-10-10"
2025,"D107","Kab. Bandung","KABUPATEN",60460,2592457,"7.01.04","PROGRAM KOORDINASI KETENTRAMAN DAN KETERTIBAN UMUM",53271700,0,false,"2025-10-10"
2025,"D107","Kab. Bandung","KABUPATEN",60460,2592458,"7.01.03","PROGRAM PEMBERDAYAAN MASYARAKAT DESA DAN KELURAHAN",62915000,0,false,"2025-10-10"
2025,"D107","Kab. Bandung","KABUPATEN",60460,2592459,"7.01.02","PROGRAM PENYELENGGARAAN PEMERINTAHAN DAN PELAYANAN PUBLIK",163108860,0,false,"2025-10-10"
2025,"D107","Kab. Bandung","KABUPATEN",60460,2592460,"7.01.05","PROGRAM PENYELENGGARAAN URUSAN PEMERINTAHAN UMUM",97905000,0,false,"2025-10-10"
2025,"D107","Kab. Bandung","KABUPATEN",60460,2592461,"7.01.06","PROGRAM PEMBINAAN DAN PENGAWASAN PEMERINTAHAN DESA",45852450,0,false,"2025-10-10"
2025,"D107","Kab. Bandung","KABUPATEN",60496,2599417,"7.01.05","PROGRAM PENYELENGGARAAN URUSAN PEMERINTAHAN UMUM",136000000,0,false,"2025-10-10"
2025,"D107","Kab. Bandung","KABUPATEN",60496,2599418,"7.01.01","PROGRAM PENUNJANG URUSAN PEMERINTAHAN DAERAH KABUPATEN/KOTA",847859710,0,false,"2025-10-10"
2025,"D107","Kab. Bandung","KABUPATEN",60496,2599419,"7.01.03","PROGRAM PEMBERDAYAAN MASYARAKAT DESA DAN KELURAHAN",111800000,0,false,"2025-10-10"
2025,"D107","Kab. Bandung","KABUPATEN",60496,2599420,"7.01.06","PROGRAM PEMBINAAN DAN PENGAWASAN PEMERINTAHAN DESA",53692500,0,false,"2025-10-10"
2025,"D107","Kab. Bandung","KABUPATEN",60496,2599421,"7.01.02","PROGRAM PENYELENGGARAAN PEMERINTAHAN DAN PELAYANAN PUBLIK",439000000,0,false,"2025-10-10"
2025,"D107","Kab. Bandung","KABUPATEN",60496,2599422,"7.01.04","PROGRAM KOORDINASI KETENTRAMAN DAN KETERTIBAN UMUM",68400000,0,false,"2025-10-10"
2025,"D107","Kab. Bandung","KABUPATEN",60490,2601039,"7.01.01","PROGRAM PENUNJANG URUSAN PEMERINTAHAN DAERAH KABUPATEN/KOTA",907466300,0,false,"2025-10-10"
2025,"D107","Kab. Bandung","KABUPATEN",60490,2601040,"7.01.06","PROGRAM PEMBINAAN DAN PENGAWASAN PEMERINTAHAN DESA",142955700,0,false,"2025-10-10"
2025,"D107","Kab. Bandung","KABUPATEN",60490,2601041,"7.01.04","PROGRAM KOORDINASI KETENTRAMAN DAN KETERTIBAN UMUM",89832000,0,false,"2025-10-10"
2025,"D107","Kab. Bandung","KABUPATEN",60490,2601042,"7.01.02","PROGRAM PENYELENGGARAAN PEMERINTAHAN DAN PELAYANAN PUBLIK",483048000,0,false,"2025-10-10"
2025,"D107","Kab. Bandung","KABUPATEN",60490,2601043,"7.01.05","PROGRAM PENYELENGGARAAN URUSAN PEMERINTAHAN UMUM",97850000,0,false,"2025-10-10"
2025,"D107","Kab. Bandung","KABUPATEN",60490,2601044,"7.01.03","PROGRAM PEMBERDAYAAN MASYARAKAT DESA DAN KELURAHAN",198848000,0,false,"2025-10-10"
2025,"D107","Kab. Bandung","KABUPATEN",60414,2601108,"1.02.01","PROGRAM PENUNJANG URUSAN PEMERINTAHAN DAERAH KABUPATEN/KOTA",167163913588,0,false,"2025-10-10"
2025,"D107","Kab. Bandung","KABUPATEN",60499,2601257,"7.01.01","PROGRAM PENUNJANG URUSAN PEMERINTAHAN DAERAH KABUPATEN/KOTA",578590200,0,false,"2025-10-10"
2025,"D107","Kab. Bandung","KABUPATEN",60499,2601258,"7.01.02","PROGRAM PENYELENGGARAAN PEMERINTAHAN DAN PELAYANAN PUBLIK",597874600,0,false,"2025-10-10"
2025,"D107","Kab. Bandung","KABUPATEN",60499,2601259,"7.01.05","PROGRAM PENYELENGGARAAN URUSAN PEMERINTAHAN UMUM",82591300,0,false,"2025-10-10"
2025,"D107","Kab. Bandung","KABUPATEN",60499,2601260,"7.01.03","PROGRAM PEMBERDAYAAN MASYARAKAT DESA DAN KELURAHAN",125163900,0,false,"2025-10-10"
2025,"D107","Kab. Bandung","KABUPATEN",60499,2601261,"7.01.06","PROGRAM PEMBINAAN DAN PENGAWASAN PEMERINTAHAN DESA",89230000,0,false,"2025-10-10"
2025,"D107","Kab. Bandung","KABUPATEN",60499,2601262,"7.01.04","PROGRAM KOORDINASI KETENTRAMAN DAN KETERTIBAN UMUM",59970000,0,false,"2025-10-10"
2025,"D107","Kab. Bandung","KABUPATEN",60465,2602645,"7.01.01","PROGRAM PENUNJANG URUSAN PEMERINTAHAN DAERAH KABUPATEN/KOTA",1234409457,0,false,"2025-10-10"
2025,"D107","Kab. Bandung","KABUPATEN",60465,2602646,"7.01.03","PROGRAM PEMBERDAYAAN MASYARAKAT DESA DAN KELURAHAN",1554351105,0,false,"2025-10-10"
2025,"D107","Kab. Bandung","KABUPATEN",60465,2602647,"7.01.06","PROGRAM PEMBINAAN DAN PENGAWASAN PEMERINTAHAN DESA",50200000,0,false,"2025-10-10"
2025,"D107","Kab. Bandung","KABUPATEN",60465,2602648,"7.01.05","PROGRAM PENYELENGGARAAN URUSAN PEMERINTAHAN UMUM",86349000,0,false,"2025-10-10"
2025,"D107","Kab. Bandung","KABUPATEN",60465,2602649,"7.01.04","PROGRAM KOORDINASI KETENTRAMAN DAN KETERTIBAN UMUM",33280644,0,false,"2025-10-10"
2025,"D107","Kab. Bandung","KABUPATEN",60465,2602650,"7.01.02","PROGRAM PENYELENGGARAAN PEMERINTAHAN DAN PELAYANAN PUBLIK",281317700,0,false,"2025-10-10"
2025,"D107","Kab. Bandung","KABUPATEN",60479,2614679,"7.01.01","PROGRAM PENUNJANG URUSAN PEMERINTAHAN DAERAH KABUPATEN/KOTA",567735300,0,false,"2025-10-10"
2025,"D107","Kab. Bandung","KABUPATEN",60479,2614680,"7.01.04","PROGRAM KOORDINASI KETENTRAMAN DAN KETERTIBAN UMUM",41462000,0,false,"2025-10-10"
2025,"D107","Kab. Bandung","KABUPATEN",60479,2614681,"7.01.03","PROGRAM PEMBERDAYAAN MASYARAKAT DESA DAN KELURAHAN",165195336,0,false,"2025-10-10"
2025,"D107","Kab. Bandung","KABUPATEN",60479,2614682,"7.01.06","PROGRAM PEMBINAAN DAN PENGAWASAN PEMERINTAHAN DESA",89919600,0,false,"2025-10-10"
2025,"D107","Kab. Bandung","KABUPATEN",60479,2614683,"7.01.05","PROGRAM PENYELENGGARAAN URUSAN PEMERINTAHAN UMUM",82308000,0,false,"2025-10-10"
2025,"D107","Kab. Bandung","KABUPATEN",60479,2614684,"7.01.02","PROGRAM PENYELENGGARAAN PEMERINTAHAN DAN PELAYANAN PUBLIK",259281296,0,false,"2025-10-10"
2025,"D107","Kab. Bandung","KABUPATEN",60485,2615016,"7.01.01","PROGRAM PENUNJANG URUSAN PEMERINTAHAN DAERAH KABUPATEN/KOTA",793644828,0,false,"2025-10-10"
2025,"D107","Kab. Bandung","KABUPATEN",60485,2615017,"7.01.02","PROGRAM PENYELENGGARAAN PEMERINTAHAN DAN PELAYANAN PUBLIK",298579400,0,false,"2025-10-10"
2025,"D107","Kab. Bandung","KABUPATEN",60485,2615018,"7.01.06","PROGRAM PEMBINAAN DAN PENGAWASAN PEMERINTAHAN DESA",106719900,0,false,"2025-10-10"
2025,"D107","Kab. Bandung","KABUPATEN",60485,2615019,"7.01.05","PROGRAM PENYELENGGARAAN URUSAN PEMERINTAHAN UMUM",131653800,0,false,"2025-10-10"
2025,"D107","Kab. Bandung","KABUPATEN",60485,2615020,"7.01.04","PROGRAM KOORDINASI KETENTRAMAN DAN KETERTIBAN UMUM",108467200,0,false,"2025-10-10"
2025,"D107","Kab. Bandung","KABUPATEN",60485,2615021,"7.01.03","PROGRAM PEMBERDAYAAN MASYARAKAT DESA DAN KELURAHAN",232699791,0,false,"2025-10-10"
2025,"D107","Kab. Bandung","KABUPATEN",60487,2616451,"7.01.01","PROGRAM PENUNJANG URUSAN PEMERINTAHAN DAERAH KABUPATEN/KOTA",608837719,0,false,"2025-10-10"
2025,"D107","Kab. Bandung","KABUPATEN",60487,2616452,"7.01.05","PROGRAM PENYELENGGARAAN URUSAN PEMERINTAHAN UMUM",102700000,0,false,"2025-10-10"
2025,"D107","Kab. Bandung","KABUPATEN",60487,2616453,"7.01.06","PROGRAM PEMBINAAN DAN PENGAWASAN PEMERINTAHAN DESA",88200000,0,false,"2025-10-10"
2025,"D107","Kab. Bandung","KABUPATEN",60487,2616454,"7.01.02","PROGRAM PENYELENGGARAAN PEMERINTAHAN DAN PELAYANAN PUBLIK",250153615,0,false,"2025-10-10"
2025,"D107","Kab. Bandung","KABUPATEN",60487,2616455,"7.01.03","PROGRAM PEMBERDAYAAN MASYARAKAT DESA DAN KELURAHAN",155690000,0,false,"2025-10-10"
2025,"D107","Kab. Bandung","KABUPATEN",60487,2616456,"7.01.04","PROGRAM KOORDINASI KETENTRAMAN DAN KETERTIBAN UMUM",25050000,0,false,"2025-10-10"
2025,"D107","Kab. Bandung","KABUPATEN",60412,2620487,"4.02.01","program penunjang urusan pemerintahan daerah kabupaten / kota",6248060800,0,false,"2025-10-10"
2025,"D107","Kab. Bandung","KABUPATEN",60501,2624446,"7.01.01","PROGRAM PENUNJANG URUSAN PEMERINTAHAN DAERAH KABUPATEN/KOTA",740218690,0,false,"2025-10-10"
2025,"D107","Kab. Bandung","KABUPATEN",60501,2624447,"7.01.05","PROGRAM PENYELENGGARAAN URUSAN PEMERINTAHAN UMUM",55283100,0,false,"2025-10-10"
2025,"D107","Kab. Bandung","KABUPATEN",60501,2624448,"7.01.02","PROGRAM PENYELENGGARAAN PEMERINTAHAN DAN PELAYANAN PUBLIK",239747706,0,false,"2025-10-10"
2025,"D107","Kab. Bandung","KABUPATEN",60501,2624449,"7.01.06","PROGRAM PEMBINAAN DAN PENGAWASAN PEMERINTAHAN DESA",47231334,0,false,"2025-10-10"
2025,"D107","Kab. Bandung","KABUPATEN",60501,2624450,"7.01.03","PROGRAM PEMBERDAYAAN MASYARAKAT DESA DAN KELURAHAN",124382000,0,false,"2025-10-10"
2025,"D107","Kab. Bandung","KABUPATEN",60501,2624451,"7.01.04","PROGRAM KOORDINASI KETENTRAMAN DAN KETERTIBAN UMUM",32965000,0,false,"2025-10-10"
2025,"D107","Kab. Bandung","KABUPATEN",60428,2626947,"1.05.02","PROGRAM PENINGKATAN KETENTERAMAN DAN KETERTIBAN UMUM",48003776296,0,false,"2025-10-10"
2025,"D107","Kab. Bandung","KABUPATEN",60428,2626948,"1.05.01","PROGRAM PENUNJANG URUSAN PEMERINTAHAN DAERAH KABUPATEN/KOTA",18042574240,0,false,"2025-10-10"
2025,"D107","Kab. Bandung","KABUPATEN",60502,2629976,"7.01.01","PROGRAM PENUNJANG URUSAN PEMERINTAHAN DAERAH KABUPATEN/KOTA",893083512,0,false,"2025-10-10"
2025,"D107","Kab. Bandung","KABUPATEN",60502,2629977,"7.01.02","PROGRAM PENYELENGGARAAN PEMERINTAHAN DAN PELAYANAN PUBLIK",196886800,0,false,"2025-10-10"
2025,"D107","Kab. Bandung","KABUPATEN",60502,2629978,"7.01.05","PROGRAM PENYELENGGARAAN URUSAN PEMERINTAHAN UMUM",82801200,0,false,"2025-10-10"
2025,"D107","Kab. Bandung","KABUPATEN",60502,2629979,"7.01.03","PROGRAM PEMBERDAYAAN MASYARAKAT DESA DAN KELURAHAN",165191100,0,false,"2025-10-10"
2025,"D107","Kab. Bandung","KABUPATEN",60502,2629980,"7.01.04","PROGRAM KOORDINASI KETENTRAMAN DAN KETERTIBAN UMUM",71557200,0,false,"2025-10-10"
2025,"D107","Kab. Bandung","KABUPATEN",60502,2629981,"7.01.06","PROGRAM PEMBINAAN DAN PENGAWASAN PEMERINTAHAN DESA",72078400,0,false,"2025-10-10"
2025,"D107","Kab. Bandung","KABUPATEN",60498,2652250,"7.01.01","PROGRAM PENUNJANG URUSAN PEMERINTAHAN DAERAH KABUPATEN/KOTA",557503390,0,false,"2025-10-10"
2025,"D107","Kab. Bandung","KABUPATEN",60498,2652251,"7.01.02","PROGRAM PENYELENGGARAAN PEMERINTAHAN DAN PELAYANAN PUBLIK",247747700,0,false,"2025-10-10"
2025,"D107","Kab. Bandung","KABUPATEN",60498,2652252,"7.01.05","PROGRAM PENYELENGGARAAN URUSAN PEMERINTAHAN UMUM",99365300,0,false,"2025-10-10"
2025,"D107","Kab. Bandung","KABUPATEN",60498,2652253,"7.01.06","PROGRAM PEMBINAAN DAN PENGAWASAN PEMERINTAHAN DESA",59838000,0,false,"2025-10-10"
2025,"D107","Kab. Bandung","KABUPATEN",60498,2652254,"7.01.03","PROGRAM PEMBERDAYAAN MASYARAKAT DESA DAN KELURAHAN",72447959,0,false,"2025-10-10"
2025,"D107","Kab. Bandung","KABUPATEN",60498,2652255,"7.01.04","PROGRAM KOORDINASI KETENTRAMAN DAN KETERTIBAN UMUM",44724940,0,false,"2025-10-10"
2025,"D107","Kab. Bandung","KABUPATEN",60481,2655396,"7.01.01","PROGRAM PENUNJANG URUSAN PEMERINTAHAN DAERAH KABUPATEN/KOTA",1474944676,0,false,"2025-10-10"
2025,"D107","Kab. Bandung","KABUPATEN",60481,2655397,"7.01.02","PROGRAM PENYELENGGARAAN PEMERINTAHAN DAN PELAYANAN PUBLIK",552800000,0,false,"2025-10-10"
2025,"D107","Kab. Bandung","KABUPATEN",60481,2655398,"7.01.03","PROGRAM PEMBERDAYAAN MASYARAKAT DESA DAN KELURAHAN",2681044240,0,false,"2025-10-10"
2025,"D107","Kab. Bandung","KABUPATEN",60481,2655399,"7.01.05","PROGRAM PENYELENGGARAAN URUSAN PEMERINTAHAN UMUM",175176000,0,false,"2025-10-10"
2025,"D107","Kab. Bandung","KABUPATEN",60481,2655400,"7.01.04","PROGRAM KOORDINASI KETENTRAMAN DAN KETERTIBAN UMUM",47478000,0,false,"2025-10-10"
2025,"D107","Kab. Bandung","KABUPATEN",60481,2655401,"7.01.06","PROGRAM PEMBINAAN DAN PENGAWASAN PEMERINTAHAN DESA",115794000,0,false,"2025-10-10"
2025,"D107","Kab. Bandung","KABUPATEN",60473,2655413,"7.01.01","PROGRAM PENUNJANG URUSAN PEMERINTAHAN DAERAH KABUPATEN/KOTA",790460000,0,false,"2025-10-10"
2025,"D107","Kab. Bandung","KABUPATEN",60473,2655414,"7.01.03","PROGRAM PEMBERDAYAAN MASYARAKAT DESA DAN KELURAHAN",210000000,0,false,"2025-10-10"
2025,"D107","Kab. Bandung","KABUPATEN",60473,2655415,"7.01.05","PROGRAM PENYELENGGARAAN URUSAN PEMERINTAHAN UMUM",116000000,0,false,"2025-10-10"
2025,"D107","Kab. Bandung","KABUPATEN",60473,2655416,"7.01.04","PROGRAM KOORDINASI KETENTRAMAN DAN KETERTIBAN UMUM",52235000,0,false,"2025-10-10"
2025,"D107","Kab. Bandung","KABUPATEN",60473,2655417,"7.01.06","PROGRAM PEMBINAAN DAN PENGAWASAN PEMERINTAHAN DESA",120248000,0,false,"2025-10-10"
2025,"D107","Kab. Bandung","KABUPATEN",60473,2655418,"7.01.02","PROGRAM PENYELENGGARAAN PEMERINTAHAN DAN PELAYANAN PUBLIK",585000000,0,false,"2025-10-10"
2025,"D107","Kab. Bandung","KABUPATEN",60412,2659494,"4.02.02","program dukungan pelaksanaan tugas dan fungsi dprd",1771126135,0,false,"2025-10-10"
2025,"D107","Kab. Bandung","KABUPATEN",60475,2664423,"7.01.01","PROGRAM PENUNJANG URUSAN PEMERINTAHAN DAERAH KABUPATEN/KOTA",672413416,0,false,"2025-10-10"
2025,"D107","Kab. Bandung","KABUPATEN",60475,2664424,"7.01.02","PROGRAM PENYELENGGARAAN PEMERINTAHAN DAN PELAYANAN PUBLIK",417583586,0,false,"2025-10-10"
2025,"D107","Kab. Bandung","KABUPATEN",60475,2664425,"7.01.06","PROGRAM PEMBINAAN DAN PENGAWASAN PEMERINTAHAN DESA",60000000,0,false,"2025-10-10"
2025,"D107","Kab. Bandung","KABUPATEN",60475,2664426,"7.01.05","PROGRAM PENYELENGGARAAN URUSAN PEMERINTAHAN UMUM",138774000,0,false,"2025-10-10"
2025,"D107","Kab. Bandung","KABUPATEN",60475,2664427,"7.01.03","PROGRAM PEMBERDAYAAN MASYARAKAT DESA DAN KELURAHAN",175823500,0,false,"2025-10-10"
2025,"D107","Kab. Bandung","KABUPATEN",60475,2664428,"7.01.04","PROGRAM KOORDINASI KETENTRAMAN DAN KETERTIBAN UMUM",52109400,0,false,"2025-10-10"
2025,"D107","Kab. Bandung","KABUPATEN",60412,2676178,"4.02.02","Program Dukungan Pelaksanaan Tugas dan Fungsi DPRD",15040678100,0,false,"2025-10-10"
2025,"D107","Kab. Bandung","KABUPATEN",60483,2689227,"7.01.01","PROGRAM PENUNJANG URUSAN PEMERINTAHAN DAERAH KABUPATEN/KOTA",1000558196,0,false,"2025-10-10"
2025,"D107","Kab. Bandung","KABUPATEN",60483,2689228,"7.01.04","PROGRAM KOORDINASI KETENTRAMAN DAN KETERTIBAN UMUM",28200000,0,false,"2025-10-10"
2025,"D107","Kab. Bandung","KABUPATEN",60483,2689229,"7.01.02","PROGRAM PENYELENGGARAAN PEMERINTAHAN DAN PELAYANAN PUBLIK",391899700,0,false,"2025-10-10"
2025,"D107","Kab. Bandung","KABUPATEN",60483,2689230,"7.01.05","PROGRAM PENYELENGGARAAN URUSAN PEMERINTAHAN UMUM",72110000,0,false,"2025-10-10"
2025,"D107","Kab. Bandung","KABUPATEN",60483,2689231,"7.01.06","PROGRAM PEMBINAAN DAN PENGAWASAN PEMERINTAHAN DESA",47430000,0,false,"2025-10-10"
2025,"D107","Kab. Bandung","KABUPATEN",60483,2689232,"7.01.03","PROGRAM PEMBERDAYAAN MASYARAKAT DESA DAN KELURAHAN",89075300,0,false,"2025-10-10"
2025,"D107","Kab. Bandung","KABUPATEN",60412,2690845,"4.02.02","program dukungan pelaksanaan tugas dan fungsi dprd ",1009475277,0,false,"2025-10-10"
2025,"D107","Kab. Bandung","KABUPATEN",60412,2691315,"4.02.01","PROGRAM PENUNJANG URUSAN PEMERINTAHAN DAERAH KABUPATEN/KOTA-",1535972200,0,false,"2025-10-10"
2025,"D107","Kab. Bandung","KABUPATEN",60412,2691453,"4.02.02","PROGRAM DUKUNGAN PELAKSANAAN TUGAS DAN FUNGSI DPRD-",584320000,0,false,"2025-10-10"
2025,"D107","Kab. Bandung","KABUPATEN",60414,2713814,"1.02.02","PROGRAM PEMENUHAN UPAYA KESEHATAN PERORANGAN DAN UPAYA KESEHATAN MASYARAKAT",16993689500,0,false,"2025-10-10"
2025,"D107","Kab. Bandung","KABUPATEN",60412,2738846,"4.02.01","PROGRAM PENUNJANG URUSAN PEMERINTAHAN DAERAH KABUPATEN/KOTA *",60347800,0,false,"2025-10-10"
2025,"D107","Kab. Bandung","KABUPATEN",387484,2743852,"2.22.01","PROGRAM PENUNJANG URUSAN PEMERINTAHAN DAERAH KABUPATEN/KOTA",844807640,0,false,"2025-10-10"
2025,"D107","Kab. Bandung","KABUPATEN",387484,2743853,"2.22.02","PROGRAM PENGEMBANGAN KEBUDAYAAN",3080936286,0,false,"2025-10-10"
2025,"D107","Kab. Bandung","KABUPATEN",387484,2743854,"2.22.03","PROGRAM PENGEMBANGAN KESENIAN TRADISIONAL",700100,0,false,"2025-10-10"
2025,"D107","Kab. Bandung","KABUPATEN",387484,2743855,"2.22.05","PROGRAM PELESTARIAN DAN PENGELOLAAN CAGAR BUDAYA",398198000,0,false,"2025-10-10"
2025,"D107","Kab. Bandung","KABUPATEN",389099,2744217,"3.26.03","PROGRAM PEMASARAN PARIWISATA",1407473900,0,false,"2025-10-10"
2025,"D107","Kab. Bandung","KABUPATEN",389099,2745323,"3.26.03","PROGRAM PEMASARAN PARIWISATA",1607473901,0,false,"2025-10-10"
2025,"D107","Kab. Bandung","KABUPATEN",389099,2745324,"3.26.01","PROGRAM PENUNJANG URUSAN PEMERINTAHAN DAERAH KABUPATEN/KOTA",2073408081,0,false,"2025-10-10"
2025,"D107","Kab. Bandung","KABUPATEN",389099,2745325,"3.26.02","PROGRAM PENINGKATAN DAYA TARIK DESTINASI PARIWISATA",1773772201,0,false,"2025-10-10"
2025,"D107","Kab. Bandung","KABUPATEN",389099,2745326,"3.26.05","PROGRAM PENGEMBANGAN SUMBER DAYA PARIWISATA DAN EKONOMI KREATIF",784875330,0,false,"2025-10-10"
2025,"D107","Kab. Bandung","KABUPATEN",389099,2745327,"3.26.04","PROGRAM PENGEMBANGAN EKONOMI KREATIF MELALUI PEMANFAATAN DAN PERLINDUNGAN HAK KEKAYAAN INTELEKTUAL",636978100,0,false,"2025-10-10"
2025,"D107","Kab. Bandung","KABUPATEN",387484,2745491,"2.22.04","PROGRAM PEMBINAAN SEJARAH",300000000,0,false,"2025-10-10"